0,ground_truth
39e1005ce7b833af7d15208f045080aff3d0cea6b1695169d52a4eebece6ed61,1
164863f4479bceebaa2bce23b2a3a5238cbfa251a30e63a538ef33b5d1da4d83,1
Sourceforge_7496.exe,0
54b700b40965e1ca937bba16365fc3a52a6de8eff1bd8c11a65bd42aa3ace1cc,0
Sourceforge_7473.exe,0
1786.exe,0
54fe97f4af2c1a197affe09d507f8a716ca280e39e797c511a2f0642fd6bdda5,1
944902ecbcf2b314fc60727d334b060ae4147e2c721a86e0d8b2688e7ee9c09d,1
CNET_257399.exe,0
631dd7f999506140fab5674d4e2b9137391d8aefdc178d6d4713d6007e23da1e,1
0AnoOZDNbPXIr2MRBSCJ,1
392.exe,0
JlD2LoRumXEViyUT71PF,1
a5940a3fda718150a58829790c08d40e0fa0e16055a257c1cf41c2e0c52bff9b,1
adb58356ba74db8cb3b14a70a8c82fefcb13085af5306d915f754135e8c02442,1
8eb6a6a0b6101f0b14553c7fd8586bf20b8c0c82199af89fda20a487dc686a42,1
42313cbf914c04d7643a7f73ca706eca7cf76a7334a5fa88d7580042501c9fe9,1
1d2bf8d22eeecff963437ca091244a4de2cb9c9f01b0219fb61c858e4bb9f41c,1
9qPu1xikDdTmLtB4J0FE,1
BPrg59GQvk3RuosWJiOt,1
f06a6baaa26bd6cdec1303cf023468ef548147a73ebc10d8c52c2882d6048990,1
6rWRQ9oPiX5B3fusHOG0,1
Sourceforge_2463.exe,0
JjyXPOBMQz6IZaNUCFYV,1
kmeiX6z4OhLcWACuJF9b,1
1555.exe,0
Sourceforge_3368.exe,0
Sourceforge_4366.exe,0
1a37a043384f15294eb0b68be2acd2bf437c7a28cba99c1d2922b7dc255dd3bd,1
37890650f071b7c301479cbd4f380fe1ef2d23e2c60d41c28f357529d2bbc3c5,1
Sourceforge_1057.exe,0
fDJXgvz2cAtPopmIO0hi,1
Sourceforge_5882.exe,0
42715db290512100f605d921783a0b4bd821cd705322fe187d3240353e179632,1
j52QgsK9qrbeDZlvyUBn,1
6cfb73db148acd49a9be5f228b5d4f91e307b5c54baa2527b9a92ae46e20a691,1
Windows_82.exe,0
e4Fw85kLxMIciuQjRhoV,1
9NcndSbt1XFgpYO203D5,1
07553d019bd404156b5c5b16baab68adc6e3d2170a7fee6b7926a8cccfdadedd,1
CNET_207083.exe,0
CNET_103604.exe,0
Erlut8aMiL1F5YsjO4GS,1
Sourceforge_4425.exe,0
2Ig4GdWcjlOLQ9YEz6aV,1
52a16eb4d0a5916ce64afde8ebd6f617d816671ca29c92b3076ccb8199e01f0f,1
7s4hmScB9p6HZfNFwVri,1
f9ed0155b6015f11ff8036c67adecc85fc6ae1256420cc0564a15f452d124cc9,0
f51719dfeac4f52a90d52188c3b3e9145d77f612da784510c968564aa0d46e9e,1
CNET_17709.exe,0
5Wj7vbRmSAoHI2Dfsql3,1
KNlAmtEIizBU7X5H1PwQ,1
956f7be9f724ae7e44421f5c0135a25c3475241702f56c12824e21421dabeace,1
Sourceforge_7731.exe,0
eacf2e51299deb95f75bc0037875e6c78d79ca1054089aa565b2c0f52d29e5fe,1
DYifKtF806I7JjkLHZgP,1
5HlDjF2dx8sJfcbeR6BW,1
160325bc0767e16f91cd60a1bfac9b553c271c102546e108a6c92249a577e74c,1
Sourceforge_5919.exe,0
1GRsOmJXetEkqIraBuSd,1
9yRz8iAj15I2ueLm4PtW,1
Sourceforge_1555.exe,0
CNET_245004.exe,0
0sMxy5SNLu1YCkKJzaB3,1
cpW2HoJgMx70C8ETSfsZ,1
g2ejvfTiyq3acR0MAQYG,1
7dW2EIJqY86gKjPbtCkw,1
bff1d7f3c43909ec93ce732989b97b9060aa41cf91660e903ea02ed5ec621281,1
Sourceforge_2085.exe,0
9BsFXp1YPijRvhCcdA70,1
9b3332138fab4253e06c9cc7ed021540566f2ed977f7d9a3b52c39dde728ff77,1
dAyK3ko0fD15PhLSsxc8,1
3d1fb7b18a1df6f5df2a7ff6c46f77b09f73dbc5689b126cc8351e1ca476a5e2,1
87a44dc0bbd23014394d83091630a366569bb856b63870ebced92fd24bccbd67,1
629f7f3824f57fa62e538b8df3d1ad21ca70c8e5a21d3f1cc7c435a4dcfb9551,1
5YFaPQwRb9Z6tMnkyvcd,1
Sourceforge_281.exe,0
1665.exe,0
DT2t5JMrWnp3gmuhLBc8,1
Sourceforge_5813.exe,0
39f3d52fb102a93f43450d0858adf6dfc63252a01d41ef6543684387c94993f6,1
Sourceforge_4432.exe,0
1345.exe,0
f1340dca78915d77ce120ae14dd234b51594a78c19600a91dba4148bc5ba943d,1
bQNlL0On7Tup3VwP9Z68,1
fbc90900ddde816e5458035ea394316b6994635e651a9a0a78aec9504b91db67,1
cmWUeA4FBR9laODHVhd2,1
Sourceforge_5117.exe,0
520e1a1baff93fd10ca53a21308b81e871547388b6c4eda07e8be1a5398d4573,1
Sourceforge_7485.exe,0
b1b462bb542f207942a20d967597b4f05cafb906f46d16f11787abf6f3801675,1
eDpBQg4OTdlvrhLFPsMV,1
f030102955e3125dc7f182539a990d8f9fb2222934bc70537c0b0c0c168833f9,1
04ffb8d60a17d6405a9408e73e9cabcdaf5e396f7c4784874dc49c353e97315b,0
CNET_105596.exe,0
Sourceforge_1219.exe,0
e36cd035ee34587626fd9f4d169f1a09dd3479969b21cf525a3113bb329a1f30,1
Sourceforge_6389.exe,0
1211.exe,0
21d1a28b6d9e17fdbe1190a0d53f178589bfa444289d2ada7da796bdde8947b0,1
b1582d365b49c62d6f15d747e00f683e81542f7b299ce394e11647d3771f823f,1
74eb7fe1d06dac641f230ba62c1ec24251e05ba4f816df582eaeb36cab4cde37,1
79.exe,0
1288.exe,0
softonic135.exe,0
ba63c68a780f9cf3045ab7beb018b09df402324c01424968d976d53df7ca4b0b,1
k4ZPKVD98Gfghw2qIXCc,1
BLUqHvpdaytR0E3rZMu6,1
Sourceforge_6748.exe,0
3Mlb2WXYpOiJLeEv60nr,1
guSymr1IhTE4kFXAJGUj,1
fG40aScDhm5qTxB7p8rb,1
F8DCsJPuq27T1IkB3ayU,1
5960db49a14ac3e6add1cd68aed8b22c2b148ea1e86c739a5e8ff7a2a183c8ea,1
fr197DA5lehQgZULyW2z,1
softonic151.exe,0
CNET_21996.exe,0
dQNpWIX76sBo4q1RbMJx,1
bb6d22555aad3510ec96713f5ea4158d7bc02b75c8b344694654c8c8e0dccb98,0
Sourceforge_1949.exe,0
57d9875f19239fe1fe11134bde1cf1eae57315b38691deced8eca15315650ee2,1
ea605ed13742ab354443694773af11528c8fe58060510877d338a92e0214e5b0,0
b36b1ab739c6689f92c3da6e9a8c93a009756069b982b64e74e4075e98badc70,1
CNET_104575.exe,0
1749.exe,0
C4VIpEJ5KlvuetjhLdX3,1
dJVXOqTuk80ZWBleDc2Q,1
924.exe,0
5EhdjtKHTzoJS4DmskCw,1
8wSjurzyd3Z1UfgFJe6h,1
Windows_100.exe,0
c603c987ba4ae598fa5b945fdc9f5f5f754b4f2c1e0ea9f23c3f23882f5a5a5e,1
Sourceforge_4467.exe,0
CNET_221791.exe,0
183.exe,0
CNET_102877.exe,0
9sqHEPM5v1ZixBWn8mtl,1
CNET_21417.exe,0
Sourceforge_4534.exe,0
3d2x0BYR7aiJLfPNsbgo,1
b0HK7PdNL8Z5omGsTe3u,1
4b77ff5cf7a0bad9645c0d498143cf6bd8557ef6d2d6199a59c7c2b04355b53b,1
DvsuxhpLgMVCO56r14jA,1
e1913ca829634bac9b78031eb20c79fb7b1d5c9ebacd27d89f575576178bce8b,0
Sourceforge_5118.exe,0
b408d1437535aab5eb52b147d59272e8056375f2e90e2ccef71c062980e36b2f,1
3ehkVHT0rqEZ1Q7lI8Ld,1
6WKbReFUk18wYnCNQsyH,1
Sourceforge_7141.exe,0
Sourceforge_1210.exe,0
Sourceforge_7444.exe,0
Sourceforge_1910.exe,0
ivCgUA1qQHpxnX4bDk9l,1
93c0f9608b7efc792b66329de3cd319c4cf68befb2832dce3bed4490db541583,1
Sourceforge_6844.exe,0
707.exe,0
a3249c5307d17cd6ec706ec47b14d658ac3049673ffa527ba5f76a95e50103e0,0
jsqeT23MYgH7ytdxDUki,1
1569.exe,0
6nCl3JdMAkKjXOgoN8U4,1
Sourceforge_1077.exe,0
CNET_18815.exe,0
920.exe,0
4bdlcsiDkvA3hZC0XLQI,1
74SYbIefnAEJpGHZq6md,1
iCdKNhpAybeBvY3lowZq,1
15fd3d69eb5da2ddc02c5c64cf8b123ba57e82e202e2a15fef056153deef647a,1
Sourceforge_349.exe,0
d39dddc4e0913f7fb48ca2154c2d51a08fd8e04cadf4934710f5db4c15f2edae,1
e4755fb87595acbe2efa782aba44cec85fc8e2fc968d3e54d60b9459ed8b4c9c,1
C7mvkduNUY3QXfIeAzOn,1
eBAwuWTRKbtjQsPSU7ai,1
Sourceforge_3110.exe,0
eRf9nXMwWl8OG0TxbgKv,1
Sourceforge_6758.exe,0
hacIJolu0XmpydkYRK8r,1
b01ebabccdd9ba01a12d94191864a364100ea7978ddea792b99f614b7c267ceb,0
5833abeaf48f4e4e9c792fe57d71505a0ae17aa19386dfff196f8b62dfd4cfd6,1
35rbwhMGTxqAWjuFt20m,1
Sourceforge_231.exe,0
CNET_240870.exe,0
944de49a01468455baa73a9008a639a83c4cbd99c2d5f1c8bd2e642b86d2b06c,1
Sourceforge_3310.exe,0
4NcsdhFPKLYWxq7R5AJU,1
Sourceforge_2807.exe,0
Sourceforge_5625.exe,0
AQqlg1wKtNYafzkB5Th6,1
75.exe,0
5AsUO9gZ8KxIycz6Tmr3,1
a733015498a2b9b052234ab91f5c385f0613b08a1ba2109b41369a9f76c46d8b,1
647.exe,0
955.exe,0
487.exe,0
a0317339838e6999848a008692eb356adc893034fca1c323524533514cff15ec,1
FWurwNEfVxvT43HbLyid,1
88ec4726ce3bf0b3ff46aa9fc7065c65ea4788159236bcf419efdf08b96b8422,1
b6c6588eb2bc0ae88a010035a75387c8655f80e29d371301fbf2cbbb86c370c5,1
a6465463ca51da5f2fdf7a3eb669746f0a7ea848e28e500737782e2920398e71,1
868.exe,0
4BCsNIgfYTQtMbmK2Z7l,1
919.exe,0
48.exe,0
Sourceforge_1604.exe,0
f66dcfa01972496278ddbf2f0c60d2da265592fd90d2530ebd725d7b8dcd58c3,1
CNET_259818.exe,0
1710.exe,0
ed334a2466953fa8332f3e06e74a9c6223bc4d11492fb66f4e9546bc091f9a37,1
078c7661729528f9412b15aa7b604c068b8b523a3ab3b9538f8938bf361655c9,1
47658262b45d8e89361de78f2ee6b1e8cb649cc6c928ea3e96575f9d4049eed7,1
94569f16f3c365395424578e21cb2c6a55944c04fd98992f1b956cff87cf0e16,1
g5C0uJOdZH1mRF8znra7,1
62d2b6e54857823654da71c89587d5c58f5f8400fc8ba3ecd007f5d32b7c8534,1
2133.exe,0
894e167a815606bb9bd43a62314f58afa84396be4b86988545c32e39e8f57c01,0
bFouR7d8lxgEqsCtMhOj,1
CNET_20415.exe,0
9dfd2c8fb2eaba4fdc0763014f63cee46a2e5469496937805683f9811550f54c,1
CNET_237183.exe,0
2o9qPQI3SL0ZV7wirTAO,1
Sourceforge_2404.exe,0
788898711fa45e880f9eb22e655e1ef65a58aa5b62dfe11e68c6b1ea587bd900,1
246.exe,0
5735c0e8681fccd61ed79ce41a8937de7c542f74005c50aeadf4259614d211b3,1
hpCo0vZsbigG5wLEjUqS,1
593316fa6e3de7e87c6a2aff8e9d906cc028c53c84d0425463677fe6fc0b1e26,1
75a69cb0515c2477e054296ce4d552464d2e231d314ec3bbad0eb20aaca2a9fa,1
e51ed393eb1bf52b02fba423418f2bb852479a97d1b00cd9cf0c4e6df8b258db,1
EU2ISJOQR87vw1t5opAu,1
DidAagBYsJbRCkyLEMQ2,1
3ftwoRhscPpNCxdlIbrU,1
HImsZwGROPQ91kTiUrWe,1
bdxGSpKnOyL28Z7aVqoU,1
d3c37e88878ac9801e592c464b9f3e15b30ef3096684d4efb9ca6cc6dd042734,1
CNET_240920.exe,0
8978e3a83a8533c626513ecc7a025be3ac4a03fb22a302480018eaac942938b4,1
BV4EjiKZJ1ekaoYxz7D0,1
Sourceforge_145.exe,0
79e64922b8d9b22bf1b9300ffaaeef0ebdf73dbfa4838ed12a7565481c74a88b,1
Sourceforge_7249.exe,0
724f6265477070ec6199759eb17aea3ef7ef4c752f5a805f04c1a6a8bee861d8,1
8rGXqCER2T5Fj7Z4DtPW,1
Sourceforge_7289.exe,0
1ik3ncdBTYIJAgfmjpwz,1
762f664d279292b2b02feb3b29f3f3f8aa26e180d599535c5afe75ce76a72337,1
Sourceforge_4579.exe,0
6d531c0d2bfa18875d304220ef3fc95e74bd8f98c539ceb1755245c2394e0b31,1
CNET_203046.exe,0
Sourceforge_4.exe,0
Sourceforge_498.exe,0
Sourceforge_6548.exe,0
H1B87Apkso2gM0Fjd4TZ,1
c78318690f00e24cc3702a471afd1dc72efccb7625449f132a2a6c455c88a224,1
e92f76179827d0d720ecdfa0f9f1906dbed7f460f117705a3d7e4b53c4f3c7b5,1
CNET_245774.exe,0
74zFPGsnxZX5pqlaVUWY,1
daadbd58993567fcb90ec8214157fd063bb9fbe5167553c013c807d40c4206f2,1
JmkbRz8HhX1pxuCvUoyj,1
D1izI3f6u7wPOYSoxRpH,1
Sourceforge_3493.exe,0
69MHIoldGcUTvxEOXJyw,1
CNET_22886.exe,0
Sourceforge_5246.exe,0
680221d36ed6fb5e4e98995e827e0b4e4e54b17783b70834fe88879a5b54b400,1
57323bb8b34756594047197ce7fec90c808898bb6b5e75880ea56e00e713983c,1
CzgoyP4jQWJvYMn25EXS,1
233963cb511540091e199dbeaf48ba4b3a79d59b724fec930ecd99a699d8e0c0,1
IZeQVP4mMEwxvrzfUd6R,1
eO2JXtZ5Tc8QBGmLDuFM,1
1f883d709b899a3cf4bd2fadb9ecea9442da06e692bd530c9670dc6fba56cb77,1
7CDSOn5YoWvrks1ZcKpQ,1
104a7ebe303ba82f2ad20bb35097f2ef768da26a01581a32902405163bb03183,1
hEpcOWe8nsfUbY07Vwk1,1
Sourceforge_5050.exe,0
287618f713d7c89b08a44fd816f1adffeec28423333903e693f9e46e7f3725c4,1
Sourceforge_66.exe,0
cfd15d961b0dcf52dcfd03c2858376543cf2f154c77a73673aa0da0c179ddbd5,1
22dcf6ca8c6dae594be53b47c06f5281f821ddb2241b4f2748b7945ef0f28db3,1
Windows_181.exe,0
1899.exe,0
gHUeRsYtFl4BaX7So8W0,1
63f7c0fa787aa6b9ada76ff347af7daa1e65a69ac58917951bbd8212303409d7,1
Sourceforge_6339.exe,0
364500276a513734f3c0f1bd8d238d977dc48a25657634632eeccbc41d462785,1
dfdcac695a22834514fe719292115117aac5b41e1701ab6ba9dfa35484f5b71b,1
95eb3969017d1fc39f84cf6540c7978db30248864417a017af9030f0d9671900,1
Sourceforge_1149.exe,0
bVdu4ML9qiRgTCSvjtnG,1
AVDWo2feMJdbXISwBHm6,1
Sourceforge_6301.exe,0
9655c635dd8e12b06850359f632d2315c8ccf9d73e742c2ea909b810a1e1b17c,1
Sourceforge_4704.exe,0
44a87623911561a1a5f53672f48138e643b1f0e3af57a783da0039c58d87a8ed,1
2AkLpJEONXZSefoC0BgQ,1
Sourceforge_4182.exe,0
CNET_238205.exe,0
bcdf097f8ead324432dc563cbcf27403f0fd8c93f8eb58ce60e9eac7eed0a740,1
Sourceforge_3139.exe,0
ff2bd5c4c04d6e1b47208d70c8d054599d15c66793dc01b7c989bbf47ea4ced0,1
CNET_203186.exe,0
9dee5232c37aa3749005150222a27417160f1b2be54485de3d458e0ac73a0f30,1
Sourceforge_2810.exe,0
Sourceforge_514.exe,0
7wm1pWx3h4HiuoODATbE,1
4bc55f7891ad47e573cf0bf40adceb19121cebe25b2ab711ced5475eea8ea92a,1
bipFgQ8uwHkO9rnRfWDC,1
Sourceforge_3364.exe,0
J60pcjxyK7G2SoCsPVZz,1
da6c2bd7e4b456c6f31e6d332ba9a0b8a3a110d5aa8ee1ad4c32ae756bd84975,1
CNET_242176.exe,0
373.exe,0
Sourceforge_864.exe,0
b41e5b18768706e6f0461086ea38853cd82963c69afe8fc23d09fee2d792f59b,1
Sourceforge_4128.exe,0
Sourceforge_957.exe,0
2ea4e14ea0250e212e217cc3663be8b1dde72a181016d6ba9a918299266953fc,0
f1f6a21f153a72cc2e64500f5315ddb029cddc8104f9534a66a935e49f0d7dcb,1
chkETq1lKwMJ0SWr6z7m,1
1xiLno6Ef3PVlCT0kUde,1
1fa6a56f01d50541fabc4505cde7c7a99ca7a7f78bb2631acc6d630a0179d587,1
4c53fb139e1089677891fbce2c82dcd4d67a7f4927672ad38bfbb164b539151d,1
i3IT61aHRFludsD9OcbC,1
18ef196872e4801bcec9e81bac33eb9422047901e9e15b357000f2c9fcce4512,1
f673345e92df8eb33d75dd07969b0c0fb0e5c0b5a9fded458d26463ce82a6a7e,1
8ae3e5955e78a97bb439f7854774fd8b36161589096853e7bfc19ed3362d7d3c,1
74KWaPkrADuI3JU1yseB,1
Sourceforge_195.exe,0
Windows_89.exe,0
48bb6fd2791074d268a49c4d74c979defd436d9f6d50befe1fba6e5ff4504888,0
1e6dbcd6568f351d6b084c75dab9b4f195c1bbab2069c1563dbb0867db4b34bb,1
BYhZ8Rd2Nl7F69DtnMXH,1
Sourceforge_2767.exe,0
dbae44f02f065759b7efa9fe3cb594b9533d95443bbd3bde239cb1c91235d0b7,1
iBNlQ3bYzKr7R6DCXp2F,1
2043.exe,0
25ba037bd4fbaad7f1c1bde38923bc17afb10be5cb8195c8ba8f097b4d27911b,1
Sourceforge_5820.exe,0
Alip9zLkjS5OtryE46Rb,1
Cz3Vx6ERt5LkrXy9BMOK,1
CNET_100427.exe,0
gYZueKo9wDtQ4FRbB2lf,1
deb0d64ccae9892597c9cf8827de2465817619c7d8c4f13dd5435e337f6697ff,1
HCd3B9trqLsEMDFc2jNa,1
Sourceforge_7601.exe,0
1e92ceb6bb669470e01b3dc1f893716a85d0235930c8f12fa75ec15d9b1b4527,1
8APhEd3UCifDsc4zVemR,1
1600.exe,0
7cf512d74a58fe94c5662f4ee208ae10b04a48fc5473fc8785624b6887befd20,0
4sOoJx13PzqCunGTBIVS,1
Sourceforge_7079.exe,0
GvQTe0XSqnhKLWz85DP4,1
bdfb66cc51a650332e5a9e331aefa1b48314bebcabdb2fd4185ba441a469c899,1
CNET_240608.exe,0
7.exe,0
9WMOnQwLKEcCFyX6fs4j,1
8e5c8ac9bacfbf9516847f8f6421f408c323065ff4c61d9c0afc22beb7b9833e,0
0ed1706fd2b09a866e877b33b017b741c15069c36fe5180832d8db600693b0f6,1
cea72f13c7182234d9c8b5107a416e3b41b4b34ceec31dd87e3e430d66e0a423,1
Sourceforge_4552.exe,0
25f8b80bc664972fc6b6cc4f8cb643649ffd9bc5357cae5273fededefd300fce,1
ffde7d5208cec4070c8d9d3f5b49559e45a11fa6b0333bcd02dd6b1fa52b7003,1
Sourceforge_6374.exe,0
2MgFXNYimTJpIzKVE5wn,1
Sourceforge_7294.exe,0
ktjMBCYU054Nh7GfT6sr,1
i6ulTyEvMWfmbOdC02B4,1
0rgudc7PpbexCtBjNqWF,1
778.exe,0
CNET_239631.exe,0
Sourceforge_6595.exe,0
Sourceforge_7783.exe,0
e76535e86595b4ff32669ef7b22665494a00c36b0d8ee72bc2e0c0251113e469,1
e8082fecf3789fedce112cd3ffe47e62116f64a54c2611761cdcc9fabd7ed8e9,1
